CH_1,CH_2
Ms. Stevens,Ross
Althea's husband,Eric
Dr. Baldharan,Marcel
Carlos,Tony
Janine Lecroix,Dan
Nurse,Estelle Leonard
Precious,Rachel
Julio (poet),Carlos
Nancy,Kim
Christmas tree customer,Joey
Robert,Bob
Frances,Lily Buffay
Jasmine,Chloe
Aunt Lillian,Don
Barbara Burke,Monica
Aunt Cheryl,Erica
Wayne,Ross
Mr. Heckles,Mike Hannigan
Melanie,Joey
Sid Goralnik,Chandler
Frank Jr. Jr.,Leslie Buffay
Stu,Joey
Carlos,Monica
Barbara Burke,Richard Burke
Ashley Tribbiani,Gloria Tribbiani
Ugly Naked Guy,Phoebe
Nonnie,Rachel
Dana Keystone,Monica
Mrs. Braverman,Monica
Erica Bing,Judy Geller
Erin,Joey
Molly,Tabitha
Rick (Aurora's husband),Andrew
Sarah Tuttle,Stu
Lily Buffay,Phoebe Abbott
Sandy,Joey
Stephen Waltham,Ross
Aunt Lillian,Ben Geller
Hootie and the Blowfish,Chandler
Felicity,Joey
Terry (casting director),Joey
Gunther,Jasmine
Mrs. Stevens,Ross
Ugly Naked Guy,Joey
Ursula Buffay,Leslie
Bitsy Hannigan,Mike Hannigan's brother
Duncan,Phoebe
Amy Greene,Emma Geller-Greene
Jack Geller,Rachel
Dina,Joey
Aunt Millie,Monica
Ross Zelner,Ralph Lauren
Annabel,Joey
Larry,Phoebe
Uncle Murray,Eric
Tim (Season 3),Bill
Kyle,David
Paolo,Monica
Gavin Mitchell,Mr. Zelner
Rick Sanoven,Monica
Barbara Burke,Tim
Althea's husband,Aunt Lillian
Eddie Menuek,Michael
Young Ethan,Aurora
Bill,Ross
Ross Zelner,Ross
Richard Burke,Monica
Mrs. Stevens,Paul Stevens
Aunt Lillian,Judy Geller
Jamie,Ben Geller
"David ""Tank"" Abbott",David
Mozzarella,Rachel
Doug,Chandler
Aunt Lisa,Jack Geller
Sandra Greene's father,Nick
Mike Hannigan,Silvia
Mr. Burgin,Josh
Mary-Angela,Chandler
Tag Jones,Mr. Zelner
Janice Litman-Goralnik,Ross
Hillary,Ross
Aunt Sylvia,Erica
Joshua Burgin,Don
Nurse,Joey
Michelle,Eric
Carl (Rachel's date),Ross
Janine Lecroix,Kate Miller
Mary-Therese Tribbiani,Walter
Isabella Rossellini,Alice Knight
Janice Litman-Goralnik,Phoebe
Sonya,Monica
Leslie Buffay,Lily Buffay
Mrs. Robinson,Robinson Twins
Chloe,Rachel
The Judge,Ross
Susie Moss,Robert
Mr. Burgin,Rachel
Marc Coreger,Mark Robinson
Emily Waltham,Janice Litman-Goralnik
Gloria Tribbiani,Mary-Angela
Molly,Emma Geller-Greene
Elizabeth Hornswoggle,Peter
Bobby Rush,Barry Farber
Parker,Monica
Sandra Greene's father,Leonard Greene
Richard Burke,Tim
Lowell (mugger),Ross
Franny,Monica
Russ,Tom
Steve (drug addict),Sandra Greene
Gunther,Chandler
Laura,Joey
Tribbiani Sisters,Michael
Isabella Rossellini,Monica
Steve (Chandler's boss),Ben Geller
Mary-Therese Tribbiani,Michael
Mike Hannigan,Mrs. Buffay (Frank Sr.'s second wife)
Charles Bing,Eric
Christmas tree customer,Rachel
"Roy ""Goodbody""",Rachel
Randall,Joey
Melanie,Rachel
Colleen,Owen
Unnamed Season 7 Characters,Terry
Tomas,Phoebe
Mitzi,Nurse Sizemore
Ben Geller,Emily Waltham
Marshall Townend,Marsha
Lowell (mugger),Kyle
Maria,Ross
Julie,Monica
Erin,Rachel
Michelle,Chandler
Marie,Allesandro
Leonard Greene,Ross
Mr. Douglas,Doug
Caroline Duffy,Ross
Mrs. Buffay (Frank Sr.'s second wife),Chandler
Richard Burke,Judy Geller
Buddy Doyle,Dan
Ursula Buffay,Ross
Emily Waltham's second husband,Ross
Cecilia Monroe,Monica
Emily Waltham's second husband,Mr. Waltham
Frank Buffay Jr.,Leslie
Malcolm,David
Maureen,Ross
Max,Wayne
Aurora,Chandler
Ida Greene,Sandra Greene
Tomas,Joey
Nonna,Joey
Felicity,Rachel
The Kids,Carol Willick
Aunt Lisa,Emma Geller-Greene
Ryan,Earl
Aunt Phylis,Monica
Cousin Frannie,Carol Willick
Bitsy Hannigan,Theodore Hannigan
Dina,Rachel
Sandy,Emma Geller-Greene
Dr. Baldharan,Ross
Aunt Marilyn,Chandler
Howard,Joey
Charles Bing,Chandler
Anita Altman,Monica
Ryan,Ben Geller
Nora Tyler Bing,Eric
Julie Coreger,Ross
Huggsy,Emma Geller-Greene
Unnamed Season 7 Characters,Kim
Paul Stevens,Phoebe
Jessica Lockhart,Monica
Unnamed Season 7 Characters,Sarah
Alan Lewis,Ross
Sid Goralnik,Ross
Carl (bully),Dan
Aunt Iris,Phoebe
Chip Matthews,Nancy
Dean Lipson,Marcel
Precious,Monica
Nancy,Lauren
Stuart,Erica
Parker,Judy Geller
Arthur,Chandler
Russell,Ross
Tina,Dina
Sergei,Ross
Erica,Erica Bing
Russ,David
Dr. Baldharan,Fake Monica
Aurora,Rick
Paul Stevens,Joey
Amy Welsh,Chip Matthews
Alan Lewis,Kyle
Alice Knight,Frank Buffay Jr.
Hootie and the Blowfish,Ross
Aunt Millie,Eric
Nonnie,Monica
Emily Waltham,Kip
Kip,Joey
Aunt Iris,Joey
The Kids,Ross
Dr. Robert Bobby,Bob
Cassie,Erica
Cousin Frannie,Ross
Ross Zelner,Rachel
Chloe,Isaac
Elizabeth Stevens,Mrs. Stevens
Gary,Chandler
Althea,Eric
Rob Donnen,Phoebe
Aunt Cheryl,Rachel
Carol Willick,Ross
Fun Bobby,Russ
Nora Tyler Bing,Chandler
The Kids,Phoebe
Andrea Waltham,Mr. Waltham
Uncle Dan,Dan
Terry,Max
Joanna,Rachel
Katie (saleswoman),Ross
Andrea Waltham,Emily Waltham
Buddy Doyle,Rachel
Unnamed Season 7 Characters,Wayne
Emily Waltham,Phoebe
Unnamed Season 7 Characters,Michael
Janice Litman-Goralnik,Rachel
Amanda Buffamonteezi,Phoebe
Jack Geller,Monica
Michael,Rachel
Unnamed Season 7 Characters,Peter
Mark Robinson,Chloe
Earl,Lily Buffay
Doug,Ross
Jack Geller,Richard Burke
Chandler Buffay,Frank Buffay Jr.
Joshua Burgin's ex-wife,Joshua Burgin's nephew
Gary Litman,Chandler
Andrew,Chandler
David,Max
Grandma Geller,Eric
Mona,Chandler
Sandra Greene's father,Jill Greene
Alan Lewis,Alan
Mrs. Stevens,Stevens siblings' father
Frank Buffay Jr.,Ross
Mike Hannigan,Mike Hannigan's ex-wife
Roy Gublik,Michael
Mrs Adelman,Susan Bunch
Amanda (Ross' date),Chandler
Andrea Waltham,Emily Waltham's cousin
Emily Waltham,Joey
Mrs. Buffay (Frank Sr.'s second wife),Ursula Buffay
Mike Hannigan,Gunther
Amanda Buffamonteezi,Joey
Alice Knight,Phoebe
Althea's husband,Aunt Phylis
Mr. Treeger,Phoebe
Hootie and the Blowfish,Steven Fisher
Shovelly Joe,Monica
Elizabeth Stevens,Leonard Greene
Danielle,Dan
Ben Geller,Emma Geller-Greene
Mike Hannigan,Eric
Tomas,Rachel
Althea,Chandler
Janine Lecroix,Monica
Nonna,Cookie
Luisa Gianetti,Mr. Heckles
Phoebe Abbott,Ursula Buffay
Sarah,Sarah Tuttle
Mary-Therese Tribbiani,Chandler
Althea,Althea's husband
Aunt Lillian,Erica
Tina,Michael
Althea,Aunt Lillian
Althea's husband,Jack Geller
Ralph Lauren,Ross
Emily Waltham's second husband,Stephen Waltham
Frances,Albert
Charlton Heston,Marie
Dennis Phillips,Monica
Barry Farber,Joey
Cassie,Phoebe
Mr. Treeger,Joey
Uncle Sal,Tribbiani Sisters
Alan,Ross
Gunther,Emily Waltham
Mary-Therese Tribbiani,Joey Tribbiani Sr.
Dina,Tribbiani Sisters
Cousin Frannie,Aunt Cheryl
Delia,Rachel
Mike Hannigan,Mike Hannigan's sister
Sandra Greene,Chloe
Mark Robinson,Mrs. Robinson
Andrew,Rick
Mona,Elizabeth Stevens
Ben Geller,Erica Bing
Chandler Buffay,Phoebe
Grandma Geller,Chandler
Erica Bing,Phoebe
Sarah,Monica
Chappy,Mike Hannigan
Ursula Buffay,Cookie
Lydia,Joey
Nick,Rachel
Rick (Aurora's husband),Aurora
Charla Nichols,Ross
Gunther,Dave
"Roy ""Goodbody""",Danny
Uncle Dan,Rachel
Bonnie,Chandler
Melanie,Monica
Tim,Timmy
Paul Stevens,Rachel
Steve (drug addict),Jack Geller
Kathy,Nick
Mike Hannigan,Chandler
Timmy,Tom
Mr. Heckles,Marcel
Kip,Rachel
Angela Delveccio,Kim
Aunt Iris,Rachel
Fun Bobby,Fun Bobby's grandfather
Jean-Claude Van Damme,Ross
Erica Bing,Joey
Ben Geller,Russ
Nonna,Mary-Therese Tribbiani
Tim,Phoebe
Emma Geller-Greene,Eric
Kash Ford,Ross
Duncan,Silvia
George Stephanopoulos,Phoebe
Joey Tribbiani Sr.,Robert
Aunt Marilyn,Ross
Eddie Menuek,Tilly
Don,Chandler
Alice Knight,Frank Buffay Sr.
Tim (Season 3),Tomas
Timothy Burke,Chandler
Andrea Waltham,Emily Waltham's second husband
Frank Buffay Jr.,Frank Buffay Sr.
Laura,Stu
Dr. Gettleman,Dr. Gettleman's daughter
Uncle Freddie,Monica
Dina,Monica
Nurse Sizemore,Joey
Dean Lipson,Ross
Unidentified Phoebe Buffay fan,Phoebe
Nasforatool,Doug
Chick Jr. & Duck Jr.,Phoebe
Russ,Lauren
Owen,Ross
Arthur,Ross
Cousin Frannie,Stuart
Gavin Mitchell,Emma Geller-Greene
Gina Tribbiani,Tribbiani Sisters
Mr. Wheeler,Ross
The Kids,Rachel
David,Phoebe
Joey Tribbiani Sr.,Jen
Sandra Greene,Sandra Greene's father
Paul Stevens,Stevens siblings' father
Emily Waltham,Rachel
Nancy,Ralph Lauren
Erica Bing,Jack Geller
Cheryl,Mitzi
Dina,Mary
Erica Bing,Nora Tyler Bing
Unidentified Phoebe Buffay fan,Joey
Mr. Bunch,Mrs. Bunch
Anita Altman,Chandler
Chick Jr. & Duck Jr.,Joey
Chandler Buffay,Frank Buffay Sr.
Josh,Joey
Rick,Phoebe
Katie (saleswoman),Rachel
Emma Geller-Greene,Chandler
Michelle Burke,Monica
Dr. Harad,Phoebe
David,Joey
Nora Tyler Bing,Ross
Mrs. Burgin,Josh
Unnamed Season 7 Characters,Chandler
Michelle Burke,Richard Burke
Cookie,Phoebe
Joshua Burgin's ex-wife,Josh
Althea's husband,Erica Bing
Judy Geller,Ross
Dr. Gettleman's daughter,Ross
Duncan,Mary
Frank Buffay Jr.,Phoebe Abbott
Stuart,Rachel
The Tanning Salon Guy,Ross
Alice Knight,Rachel
Barry Farber,Rachel
Bitsy Hannigan,Phoebe
Carlos,Emilio
Aunt Lisa,Ben Geller
Kiki,George Stephanopoulos
Timothy Burke,Michelle
David,Dr. Baldharan
Dina,Nonnie
Frank Buffay Jr.,Rachel
Mrs. Braverman,Joey
Frances,Ross
Judy Geller,Phoebe
Paolo,Julie
Roy,Joey
Sidney Marks,Joey
Gary Litman,Ross
Charlie Wheeler,Kathy
Janice Litman-Goralnik,Aaron Goralnik
Julio (cat),Phoebe
Frank Jr. Jr.,Phoebe
Joey Tribbiani Sr.,Cookie
Katie,Joey
Laura,Monica
Schnoodle,Russ
Steve (drug addict),Mark Robinson
Marcel,Ross
Buddy Doyle,Monica
Cookie,Joey
Janice Litman-Goralnik,Monica
Michael,Monica
Stephen Waltham,Ben Geller
Richard Darnville,Paul Stevens
Kyle,Phoebe
Amanda (Ross' date),Ross
Susan Bunch,Ross
Bob (rat),Mike Hannigan
Brown Bird Troop Leader,Sarah
Mona,Emily Waltham
Richard Burke,Phoebe
Amy Greene,Jill Greene
Cassie,Rachel
Nurse Sizemore,Nurse
Carl (Rachel's date),Monica
Dean Lipson,The Zoo Employee
Marcel,Phoebe
Tina,Chandler
Mike Hannigan,Ursula Buffay
Tony (Allesandro's employee),Tony
Susan Bunch,Phoebe
Mr. Bunch,Susan Bunch
Chandler Buffay,Rachel
Julio (cat),Joey
Frank Jr. Jr.,Joey
Melissa Warburton,Phoebe
Steve Cera,Joey
Uncle Murray,Erica Bing
Marsha,Ross
Frank Buffay Sr.,Duncan
Joshua Burgin,Joey
Dave,Rachel
Richard Burke,Joey
Muriel,Emma Geller-Greene
Paolo's cat,Ross
Tony (Allesandro's employee),Monica
Robinson Twins,Rachel
Jasmine,Mr. Treeger
Tomas,Monica
Emilio,Marie
Nurse,Lydia
Arthur,Carl (bully)
Joanne,George Stephanopoulos
Albert,Chandler
Melissa Warburton,Joey
Grandma Geller,Ross
Erika Ford,Joey
Parker,Phoebe
Frank Jr. Jr.,Dan
Tim,Rachel
Nancy,Nancy (realtor)
George Stephanopoulos,Rachel
Stephanie,Terry
Mr. Waltham,Joey
The Triplets,Frank Jr. Jr.
Sonya,Joey
Althea,Aunt Phylis
Aunt Sylvia,Monica
Bonnie,Ross
Krista,Chandler
Joey Tribbiani Sr.,Mary-Angela
Ben Geller,Don
Nonna,Mary
Ryan,Phoebe
Sarah Tuttle,Joey
Cousin Frannie,Stu
Ben Geller,Michael
Kash Ford,Rachel
Ursula Buffay,Monica
Aunt Sylvia,Richard Burke
Colin,Ross
Pete Becker,Chandler
Phoebe's stepfather,Frank Buffay Sr.
Jeanine,Julio (poet)
Aunt Iris,Tony
Josh,Rachel
Colin,Emily Waltham
Emma Geller-Greene,Carol Willick
Marcel,The Zoo Employee
Nonnie,Caitlin
Uncle Dan,Monica
Janice Litman-Goralnik,Judy Geller
Nina Bookbinder,Doug
Estelle Leonard,Russ
Tomas,Tim
Kate Miller,Jen
Paul Stevens,Monica
Frances,Frank Buffay Sr.
David,Rachel
Bob (Chandler's coworker),Rachel
Aunt Iris,Monica
Leslie Buffay,Phoebe
Nonna,Nonnie
Carl (Rachel's date),Tommy
Nancy (Bloomingdale's Employee),Nancy
Jill Greene,Leonard Greene
Stuart,Stu
The Chick and The Duck,Kathy
Malcolm,Phoebe
Mr. Adelman,Mrs Adelman
Amy Greene,Erin
"Roy ""Goodbody""",Roy
"Todd, the Hombre Man",Joey
Emily Waltham's cousin,Ross
Charlie Wheeler,Mona
Dr. Harad,The Triplets
The Triplets,Frank Buffay Jr.
Tommy,Ross
Delia,Sandy
Caroline Duffy,Ben Geller
Chip Matthews,Ross
Katie,Rachel
Mark Robinson,Nancy
Cecilia Monroe,Joey
Grandma Geller,Dan
Dr. Oberman,Phoebe
Leslie Buffay,Joey
Steve Cera,Howard
Fun Bobby,Chandler
Charlie Wheeler,Albert
Nancy (realtor),Chandler
Tommy,Phoebe
Mischa,Ross
Angela Delveccio,Chandler
Parker,Jack Geller
Sarah,Max
Sally,Ross
Fun Bobby,Bob
Lauren,Joey
Danny,Chandler
Judy Geller,Rachel
The Kids,Monica
Emma Geller-Greene,Ross
Richard Darnville,Rachel
Dr. Gettleman's daughter,Rachel
Ugly Naked Guy,Chandler
Judy Geller,Cookie
Cousin Frannie,Monica
Mr. Heckles,Eric (photographer)
Nora Tyler Bing,Dennis Phillips
Russ,Ross
Frances,Phoebe Abbott
Uncle Sal,Chandler
Unnamed Season 7 Characters,Jason
Frank Jr. Jr.,Rachel
Unnamed Season 7 Characters,Ross
Emily Waltham,Monica
Amanda Buffamonteezi,Monica
The Doctor,Eric
Aunt Sylvia,Judy Geller
Mona,Emma Geller-Greene
Carol Willick,Monica
Aunt Cheryl,Eric
Joshua Burgin,Rachel
Aunt Millie,Emma Geller-Greene
Steve (Chandler's boss),Rachel
Dina,Bob
Uncle Sal,Joey Tribbiani Sr.
Sandra Greene's father,Rachel
Maureen,Judy Geller
Amanda (Monica And Chandler's wedding),Chandler
Marcel,Rachel
Nurse,Susan Bunch
Susan Bunch,Rachel
Tilly,Mary
Melissa Warburton,Rachel
Mr. Zelner,Rachel
The Triplets,Phoebe
Bobby Corso,Joey
Gavin,Rachel
Lily Buffay,Phoebe
Jack Geller,Uncle Freddie
Stuart,Monica
Barry Farber,Monica
Cailin,Laura
Ned Morse,Ross
Franny,Paul the Wine Guy
Will Colbert,Rachel
Amy Greene,Ross
Frank Buffay Jr.,Monica
Mr. Waltham,Rachel
Mrs. Buffay (Frank Sr.'s second wife),Lily Buffay
Elizabeth Stevens,Paul Stevens
Colleen,Chandler
Aunt Millie,Erica Bing
Mrs. K.,Sandra Greene
"Roy ""Goodbody""",Roy Gublik
Chip Matthews,Dan
Sarah Tuttle,Rachel
Carl (bully),Gunther
Kara,Ross
Paolo's cat,Rachel
The Chick and The Duck,Chandler
Dr. Ledbetter,Monica
Althea's husband,Ben Geller
Brenda,Monica
Gloria Tribbiani,Joey
Mr. Burgin,Mrs. Burgin
Elizabeth Stevens,Joey
Caitlin,Chandler
The Doctor,Chandler
Cassie,Monica
Althea,Erica Bing
Charlie Wheeler,Ursula Buffay
Aunt Cheryl,Chandler
Male Guest,Bob
Leslie (casting director),Ross
Devon,Ross
Isabella Rossellini,Gary
Charla Nichols,Sarah Tuttle
Ryan,Rachel
Gina Tribbiani,Chandler
Alan,Monica
The Thief,Joey
Unnamed Season 1 Characters,Fake Monica
Donny Osmond,Don
Young Ethan,Stu
Dan,Chandler
Cousin Frannie,Judy Geller
Marc Coreger,Ross
Unnamed Season 7 Characters,Robert
Rick (Aurora's husband),Ethan
Theodore Hannigan,Ross
Emily Waltham,Judy Geller
Gina Tribbiani,Joey Tribbiani Sr.
Carol Willick,Judy Geller
Grandma Geller,Erica Bing
Minnie,Susan Bunch
Gunther,Michael
Mr. Heckles,Rachel
The Dry Cleaner's Wife,Joey
Nonna,Tina
Jasmine,Ross
Dick Clark,Monica
Dr. Schiff,Ross
Molly,Ross
Jack Geller,Aunt Phylis
Michelle Burke,Michelle
Leslie Buffay,Rachel
Emily Waltham's cousin,Stephen Waltham
Tribbiani Sisters,Mary-Therese Tribbiani
Steven Fisher,Rachel
Stu,The Waiter
Joey Tribbiani Sr.,Nonnie
Ginger,Phoebe
Peter,Chandler
Dr. Roger,Joey
Earl,Phoebe
Tim,Monica
George Stephanopoulos,Monica
Mary-Therese Tribbiani,Mary-Angela
Rhonda,Ross
Charlie Wheeler,Ross
Doug,Kara
Chloe,Joey
Aunt Lisa,Uncle Dan
Frank Buffay Sr.,Mike Hannigan
Kathy,Phoebe
Charlie Wheeler,Emily Waltham
Aunt Lillian,Monica
Eric (photographer),Joey
Mona,Mona's boyfriend
Nurse Sizemore,Mary
Chick Jr. & Duck Jr.,Monica
Tommy,Rachel
Ginger,Joey
Nervous male passenger,Ross
Chip Matthews,Rachel
Richard Burke,Tom
Sarah,Joey
Carlos,Tony (Allesandro's employee)
Jarvis Oberblau,Nancy Oberblau
Mark Robinson,Nancy (Bloomingdale's Employee)
David,Monica
Cassie,Judy Geller
Luisa Gianetti,Marcel
Kristen Leigh,Ross
Owen,Monica
Amy Greene,Jen
Joshua Burgin's nephew,Rachel
Nervous male passenger,Phoebe
Uncle Sal,Gloria Tribbiani
Louis Posen,Chandler
Kathy,Joey
Young Ethan,Monica
Mary Ellen Jenkins,Mike Hannigan
Aunt Lisa,Ross
Arthur,Nick
Gavin Mitchell,Lauren
Mozzarella,Wendy
Ms. Stevens,Paul Stevens
Mark Robinson,Chandler
Sandra Greene,Ugly Naked Guy
The next next Martin Scorsese,Ross
Mona,Allesandro
Charles Bing,Earl
Mrs Burkart,Phoebe
The Triplets,Chandler Buffay
Mr. Simon,Phoebe
Mary,Mike Hannigan
Sarah,Molly
Silvia,Phoebe
Julie,Russ
Danny,Ross
Huggsy,Ross
Kip,Chandler
"Mike ""Gandalf"" Ganderson",Chandler
Denise,Chandler
Gloria Tribbiani,Rachel
Erica,Phoebe
The Triplets,Rachel
Uncle Sal,Ross
Elizabeth Stevens,Rachel
Erica Bing,Charles Bing
Emma Geller-Greene,Erica Bing
Gloria Tribbiani,Cookie
Nancy,Monica
Bitsy Hannigan,Monica
Jake,Chandler
Wayne,Joey
Judy Geller,Monica
Paul the Wine Guy,Phoebe
Amanda (Monica And Chandler's wedding),Ross
Charlie Wheeler,Cecilia Monroe
Dr. Gettleman's daughter,Monica
Cheryl,Chandler
Sandra Greene,Susan Bunch
Stuart,Eric
Bob (rat),Bob
Cookie,Mary
Mary-Therese Tribbiani,Gina Tribbiani
Erica,Joey
Gary,Michael
Frances,Monica
Jeanine,Monica
Julie Graff,Chandler
Steve (Chandler's boss),Monica
Nancy Branson,Rachel
Isaac,Ross
Julie,Tom
Jen,Ross
Marcel,Monica
Ben Geller,Carol Willick
Tag Jones,Chandler
Paul the Wine Guy,Joey
Sandra Greene,Chandler
Marshall Townend,Joey
Mr. Douglas,Nina Bookbinder
Bill,Phoebe
Susan Bunch,Monica
Mr. Rastatter,Monica
Ralph Lauren,Lauren
"David ""Tank"" Abbott",Monica
Margha,Chandler
Dr. Long,Rachel
Melissa Warburton,Monica
Isaac,Phoebe
Aunt Lisa,Dan
Cailin,Tommy
Gina Tribbiani,Gloria Tribbiani
Josh,Joshua Burgin
Precious,Mike Hannigan
The Chick and The Duck,Ross
Will Colbert,Monica
Mr. Douglas,Chandler
Jade,Chandler
Tim (Season 3),Rachel
Caitlin,Ross
Mark Robinson,Mark Robinson's niece
The Chick and The Duck,Emily Waltham
Steve (drug addict),Chandler
Tribbiani Sisters,Monica
Frank Buffay Sr.,Mrs. Buffay (Frank Sr.'s second wife)
Missy Goldberg,Chandler
Elizabeth Stevens,Stevens siblings' father
Chappy,Ross
Gloria Tribbiani,Mary-Therese Tribbiani
Charlie Wheeler,Bill
Erica Bing,Eric
Mr. Adelman,Phoebe
Sandra Greene,Mona
Mike Hannigan,Leslie Buffay
Uncle Murray,Chandler
Jade,Bob
Ethan,Chandler
Mr. Treeger,Chandler
Cecilia Monroe,Dina
Walter,Chandler
Dr. Schiff,Rachel
Don,Allesandro
Janice Litman-Goralnik,Joey
Brown Bird Troop Leader,Ross
Tom,Ross
Ryan,Monica
Aunt Millie,Ben Geller
Mr. Adelman,Joey
Ben Geller,Ross
Lowell (mugger),Phoebe
Ursula Buffay,Jamie
Kathy,Rachel
Dr. Gettleman,Monica
Emma Geller-Greene,Gavin
Lydia,Roy
Mike Hannigan,David
Steve (drug addict),The Chick and The Duck
Ida Greene,Jill Greene
Unnamed Season 7 Characters,Jeffrey
Jill Greene,Ross
Tina,Mary-Angela
The Judge,Joey
Bobby Corso,Tribbiani Sisters
Althea,Ben Geller
Jessica Lockhart,Dina
Mr. Heckles,Monica
Erica,Shovelly Joe
Aunt Lillian,Eric
Kyle Lowder,Kyle
Aunt Sylvia,Uncle Freddie
Dr. Franzblau,Ben Geller
Nonnie,Tribbiani Sisters
Erica Bing,Chandler
Aaron Goralnik,Ross
Eric,Chandler
Nervous male passenger,Rachel
Emma Geller-Greene,Aunt Iris
The Kids,Erica
Steven Fisher,Monica
Leonard Greene,Phoebe
Aunt Cheryl,Jack Geller
Cousin Frannie,Erica
Emily Waltham,Liam
Alice Knight,Frank Jr. Jr.
Elizabeth Stevens,Stu
Ethan,Rick
Amanda (Ross' date),Tommy
The Dry Cleaner,Phoebe
Jean-Claude Van Damme,Marcel
Phoebe Abbott,Chandler
Robert,Ross
Frank Buffay Jr.,Frank Jr. Jr.
Ursula Buffay,Phoebe
Gunther,Janice Litman-Goralnik
Janice Litman-Goralnik,Jack Geller
Grandma Geller,Ben Geller
Marie,Tony (Allesandro's employee)
Marie,Tony
Nurse Sizemore,Chandler
Shelly,Nancy
Luisa Gianetti,Ross
Nancy (Bloomingdale's Employee),Ross
Fun Bobby's grandfather,Bob
Erica,Rachel
Leonard Greene,Joey
Mark Robinson,Ralph Lauren
Tim (Season 3),Pete Becker
Tommy,Monica
Paula,Monica
Caroline Duffy,Joey
Julie Coreger,Julie
George Stephanopoulos,Chandler
Chip Matthews,Monica
Marie,Monica
The Dry Cleaner,Joey
Ursula Buffay,Joey
Stephen Waltham,Rachel
Timothy Burke,Michael
Dina,Nonna
Sophie,Laura
Tom,Dan
Paul the Wine Guy,Rachel
Jim Nelson,Phoebe
Mark Robinson,Ross
Marshall Townend,Kate Miller
Chandler Buffay,Frank Jr. Jr.
Emma Geller-Greene,David
Kate Miller,Lauren
Unidentified Phoebe Buffay fan,Chandler
Bobby Corso,Monica
The Triplets,Alice Knight
Megan Bailey,Chandler
Grandma Geller,Judy Geller
Nurse Sizemore,George Stephanopoulos
Gavin Mitchell,Ralph Lauren
Maria,Dan
Denise,Ross
Chi-Chi,Monica
Mackenzie,Chandler
Dr. Baldharan,Joey
Sergei,Phoebe
Wendy,Monica
Mrs. Buffay (Frank Sr.'s second wife),Schnoodle
Jamie,Susan Bunch
Mrs. Buffay (Frank Sr.'s second wife),Leslie
Russ,Monica
Ms. Stevens,Stevens siblings' father
Steve Cera,Ugly Naked Guy
Uncle Murray,Carol Willick
Chip Matthews,Nancy Branson
Gavin Mitchell,Ross
Hootie and the Blowfish,Phoebe
Althea's husband,Ross
Alan Lewis,Joey
Cheryl,Ross
Isaac,Rachel
The Triplets,Monica
Unnamed characters,Unnamed Season 1 Characters
Andrea Waltham,Ross
Lily Buffay,Monica
Aunt Cheryl,Cheryl
The Triplets,Mrs. Buffay (Frank Sr.'s second wife)
Tag Jones,Ralph Lauren
Aunt Sylvia,Jack Geller
Dana Keystone,Chandler
Russell,Joey
Emily Waltham,Julie
Mrs. Braverman,Chandler
Catherine,Judy Geller
Leslie (casting director),Leslie Buffay
Mike Hannigan,Kara
Bobby Rush,Bob
Unnamed Season 7 Characters,Stephanie
Julie Graff,Ross
Dr. Wiener,Ross
Nancy Oberblau,Nancy
Carol Willick,Phoebe
Janice Litman-Goralnik,Gary
Unnamed Season 1 Characters,David
Aunt Cheryl,Emma Geller-Greene
Emma Geller-Greene,Earl
Tag Jones,Ross
Hayley,Joey
Hootie and the Blowfish,Joey
Jarvis Oberblau,Nancy
Jill Greene,Jen
Sandra Greene,Ross
Carl (Rachel's date),Rachel
Marjorie,Joey
Emma Geller-Greene,Leonard Greene
Gloria Tribbiani,Mary
The Kids,Joey
Mike Hannigan's ex-wife,Mike Hannigan's sister
Mark Robinson,Joanna
Cathy,Robert
Doug,Phoebe
The Judge,Rachel
Kara,Monica
Aunt Iris,Jack Geller
Gina Tribbiani,Nonna
Tomas,Bill
Aunt Cheryl,Althea
Carol Willick,Joey
Steve (drug addict),Ross
Rick Sanoven,Chandler
Eric,Ursula Buffay
Frank Buffay Jr.,Phoebe
The Handyman,Tim
Jessica Ashley,Rachel
Uncle Murray,Ross
Gavin,Susan Bunch
Aunt Cheryl,Erica Bing
Dr. Roger,Monica
Richard Burke,Chandler
Tony,Phoebe
Tom,Rachel
Barbara Burke,Michelle
Uncle Murray,Emily Waltham
Tim (Season 3),Monica
Chandler,Chandler Buffay
Ben Geller,Rachel
Gloria Tribbiani,Nonnie
Doug,Joey
Emily Waltham,Emily Waltham's cousin
Ben Geller,Cookie
Gunther,Ross
Amy Greene,Leonard Greene
Josh,Amanda (Ross' date)
Jill Greene,Rachel
Frank Buffay Jr.,Joey
Leonard Greene,Rachel
Gunther,Phoebe
Trudie Styler,Ben Geller
Gary Litman,Janice Litman-Goralnik
Frank Buffay Sr.,Chandler
Ginger,Monica
Will Colbert,Chandler
Leonard Greene,Cookie
Estelle Leonard,Ross
Joey Tribbiani Sr.,Joey
Tony,Joey
Nasforatool,Chandler
Cousin Frannie,Jack Geller
Stu,Allesandro
Charlton Heston,Lydia
Sonya,Chandler
Ursula Buffay,Rachel
Alan,Phoebe
Aaron Goralnik,Rachel
Molly,Monica
Sarah Tuttle,Chandler
Emily Waltham,Jack Geller
Michelle,Ross
Muriel,Ross
Dr. Harad,Arthur
Frank Buffay Sr.,Bob
Mischa,Sergei
Julie,Lauren
Charlie Wheeler,David
Unidentified Phoebe Buffay fan,Ursula Buffay
Rick Sanoven,Rick
Alan Lewis,Howard
Kathy,Monica
Benjamin Hobart,Marie
Gloria Tribbiani,Brenda
Robert,Rachel
Parker,Chandler
Michael,Mike Hannigan
Gene Lester,Joey
Isabella Rossellini,Chandler
Tim (Season 3),Tim
Alan,Joey
Julie Coreger,Rachel
Luisa Gianetti,Rachel
Phoebe Abbott,Ross
Andrea Waltham,Jen
Gina Tribbiani,Mary-Angela
Richard Burke,Michelle
Nora Tyler Bing,Erica
Kim,Lauren
Marc Coreger,Tim
Stuart,Jack Geller
Sid Goralnik,Rachel
The accountant,Ross
Charles Bing,Ross
Elizabeth Hornswoggle,Elizabeth Stevens
Judy Geller,Erica
Pete Becker,Peter
Charlie Wheeler,Don
Jean-Claude Van Damme,Phoebe
Unidentified Phoebe Buffay fan,Larry
Emma Geller-Greene,Ida Greene
Ginger,Tim
Russell,Rachel
Rhonda,Peter
Leslie,Leslie Buffay
Sergei,Rachel
Cailin,Ross
Bruce Buffer,Michael
Glenda,Ross
Paolo's cat,Paolo
Shelly,Chandler
Aurora,Ethan
Mrs Burkart,Monica
Andrea Waltham,Stephen Waltham
Mrs. Bunch,Susan Bunch
Hootie and the Blowfish,Rachel
Cassie,Jack Geller
Frank Buffay Sr.,Leslie
The Kids,The Triplets
Erica,Monica
Mona,Carol Willick
Jean-Claude Van Damme,Joey
Frances,Frank Buffay Jr.
Cousin Frannie,Rachel
Gavin Mitchell,Rachel
Owen,Phoebe
Kash Ford,Joey
Carol Willick,Rachel
Paul the Wine Guy,Monica
Mr. Treeger,Mr. Heckles
Andrea Waltham,Rachel
Duncan,Mrs. Buffay (Frank Sr.'s second wife)
The Dry Cleaner,Russ
Amy Greene,Ida Greene
The Kids,Emma Geller-Greene
Barbara Burke,Ross
Joshua Burgin,Mrs. Burgin
Janice Litman-Goralnik,Sid Goralnik
Mike Hannigan,Leslie
Carol Willick,Minnie
Emma Geller-Greene,Jill Greene
Stryker Ramoray,Joey
Mr. Heckles,Paolo
Gunther,Jen
Leslie,Leslie (casting director)
Tomas,Tom
Jack Geller,Eric
Marsha,Carol Willick
Mrs Adelman,Carol Willick
Terry (casting director),Michael
Alice Knight,Chandler Buffay
Emily Waltham,Emma Geller-Greene
Dr. Franzblau,Carol Willick
Ben Geller,Stu
Nonna,Tribbiani Sisters
Roger,Phoebe
Dina,Michael
Mr. Wheeler,Joey
Bill,Monica
Stuart,Cheryl
Aunt Lillian,Aunt Phylis
Rick,Joey
Elizabeth Stevens,Ms. Stevens
Grandma Geller,Erica
Gunther,Josh
Frank Buffay Sr.,Ursula Buffay
Gloria Tribbiani,Tina
Leonard Greene,Stu
Phoebe's stepfather,Phoebe
Michelle,Jen
Cailin Praytor,Ross
Mrs. Burgin,Rachel
Clifford Burnett,Mrs. Burnett
Mona,Ross
Stuart,Emma Geller-Greene
Buddy Doyle,Danny
Terry,Terry (casting director)
Joshua Burgin's ex-wife,Rachel
Shovelly Joe,Eric
Hillary,Monica
Aunt Lillian,Jack Geller
Frances,Phoebe
Gary (neighbor),Monica
Aunt Millie,Ross
Eddie Menuek,Joey
Uncle Sal,Ben Geller
Rick Sanoven,Jason
Nora Tyler Bing,Joey
Paolo,Ross
The Triplets,Chandler
Ralph Lauren,Rachel
Brown Bird Troop Leader,Sarah Tuttle
Judy Geller,Joey
Aunt Lisa,Judy Geller
Kate Miller,Joey
Amanda (Ross' date),Phoebe
Gunther,Rachel
Phoebe's stepfather,Joey
Althea,Ross
Mark Robinson's niece,Robinson Twins
Jack Geller,Chandler
Mike Hannigan's brother,Mike Hannigan's ex-wife
Alan,Rachel
Cassie,Emma Geller-Greene
Dr. Robert Bobby,Robert
Andrew,Ethan
The Housekeeper,Andrea Waltham
Frances,Joey
Nina Bookbinder,Chandler
Stuart,Erica Bing
Krista,Lauren
Gary Litman,Joey
Mary,Ursula Buffay
Stephen Waltham,Judy Geller
Tribbiani Sisters,Phoebe
Marcel,Joey
Michelle,Rachel
Amanda (Ross' date),Joey
Charla Nichols,Rachel
The Chick and The Duck,Earl
Bobby Rush,Robert
Nurse,Ben Geller
Ben Geller,Monica
Leonard Greene,Tony
George Stephanopoulos,Bill
Gina Tribbiani,Michael
Kori Weston,Chandler
Guru Saj,Chandler
Dan,Don
Shovelly Joe,Chandler
Cassie,Ryan
Megan Bailey,Jen
Jill Greene,Monica
Mike Hannigan's brother,Mike Hannigan's sister
Tribbiani Sisters,Joey
Jean-Claude Van Damme,Rachel
Leonard Greene,Monica
Janine Lecroix,Chandler
Jeffrey,Monica
Mary-Therese Tribbiani,Joey
Aunt Cheryl,Ben Geller
Alice Knight,Mike Hannigan
Danny,Krista
Mark Robinson's niece,Rachel
Mike Hannigan,Ross
Maureen,Monica
Mr. Zelner,Ross Zelner
Isabella Rossellini,Ross
Charles Bing,Rachel
Max,Phoebe
Dennis Phillips,Chandler
Chloe,Chandler
Emma Geller-Greene,Erica
Bonnie,Phoebe
Barbara Burke,Timothy Burke
Mr. Burgin,Chandler
Joanne,Leslie
The Dry Cleaner,The Dry Cleaner's Wife
Dr. Roger,Roger
Gina Tribbiani,Marie
Cailin,Rachel
Robert,Monica
Timmy,Tommy
Anita Altman,Ta-Taka-Ki-Kek
Mr. Heckles,Phoebe
Joshua Burgin,Joshua Burgin's ex-wife
Mary Ellen Jenkins,Phoebe
Grandma Geller,Joey
Tag Jones,Gavin
Dr. Baldharan,Monica
Aunt Lillian,Emma Geller-Greene
Jeanine,Wendy
Carl (bully),Peter
Schnoodle,Russell
Guru Saj,The Chick and The Duck
Julie,Ross
Timothy Burke,Timmy
Luisa Gianetti,Monica
Mr. Wheeler,Rachel
Joshua Burgin's nephew,Mrs. Burgin
Kim,Ralph Lauren
Bonnie,Joey
"Todd, the Hombre Man",Annabel
Melanie,Chandler
Sid Goralnik,Monica
Dr. Robert Bobby,Rachel
Mr. Heckles,Joey
Kristen Leigh,Marcel
Sergei,Monica
Aunt Millie,Cousin Frannie
Kim,Ross
Mrs. Stevens,Stevens siblings' mother
Aunt Liddy,Ross
Aunt Phylis,Ross
Roger,Rachel
Aunt Lillian,Erica Bing
Joey Tribbiani Sr.,Tribbiani Sisters
Nancy,Rachel
Hootie and the Blowfish,Monica
Nora Tyler Bing,Rachel
Kim,Phoebe
Ben Geller,Judy Geller
The Triplets,Ursula Buffay
Anita Altman,Ross
Lily Buffay,Ursula Buffay
Unnamed Season 1 Characters,Estelle Leonard
Kate Miller,Rachel
Jessica Lockhart,Ross
Isaac,Gunther
Mischa,Phoebe
Gavin Mitchell,Monica
Dina,Chandler
The Housekeeper,Ross
Mrs. Burnett,Phoebe
Emma Geller-Greene,Phoebe
Tommy,Joey
Gary Litman,Rachel
Mrs. Stevens,Ms. Stevens
The Housekeeper,Emily Waltham
Russ,Phoebe
Dina,Joey Tribbiani Sr.
Mona,Rachel
Susie Moss,Chandler
Charla Nichols,Stu
Doug,Monica
Nancy Oberblau,Ross
Tag Jones,Gavin Mitchell
Mrs. Burnett,Joey
Sandra Greene's father,Emma Geller-Greene
Emma Geller-Greene,Joey
"Mike ""Gandalf"" Ganderson",Ben Geller
Wendy,Joey
Kim,Joanna
Alice Knight,Mrs. Buffay (Frank Sr.'s second wife)
Joanna,Lauren
Celia,Marcel
Althea,Rachel
Rob Donnen,Don
Tribbiani Sisters,Rachel
Frank Buffay Jr.,Mrs. Buffay (Frank Sr.'s second wife)
Unnamed Season 7 Characters,Joey
Mary Ellen Jenkins,Jen
Dr. Franzblau,Rachel
Mary-Therese Tribbiani,Cookie
Marshall Townend,Roger
Paul Stevens,Charles Bing
Amy Greene,Phoebe
The Handyman,Joey
Bob,Joey
Ned Morse,Vince
Trudie Styler,Phoebe
Jack Geller,Ross
Frank Buffay Sr.,Phoebe Abbott
Benjamin Hobart,Ross
Mr. Simon,Rick
Eric (photographer),Ursula Buffay
Charlie Wheeler,Carol Willick
Charlton Heston,Joey
Grandma Geller,Rachel
Emma Geller-Greene,Aunt Marilyn
Gunther,Monica
Joanna,Chandler
Laura,Chandler
Bitsy Hannigan,Mike Hannigan
Joey Tribbiani Sr.,Mary
Ned Morse,Joey
Janice Litman-Goralnik,Chandler
Amy Greene,Joey
Chandler Buffay,Mrs. Buffay (Frank Sr.'s second wife)
Ursula Buffay,Gunther
Unnamed Season 1 Characters,Joey
Bonnie,Rachel
Mike Hannigan,Phoebe Abbott
Sophie,Ross
Mr. Treeger,Michael
Aunt Sylvia,Eric
Tim (Season 3),Phoebe
Guru Saj,Ross
Althea's husband,Judy Geller
Steve (drug addict),Leonard Greene
Tina,Joey
Kara,Joey
Aunt Lisa,Erica
Andrea Waltham,Judy Geller
Ida Greene,Nick
Joanne,Kiki
Al Zebooker,Dan
Robert,Gunther
Michelle,Monica
Ta-Taka-Ki-Kek,Will Colbert
Janine Lecroix,Ross
Benjamin Hobart,Charlie Wheeler
Leslie Buffay,The Triplets
Fake Monica,Monica
Theodore Hannigan,Phoebe
Julie Coreger,Marc Coreger
Paul Stevens,Stevens siblings' mother
Dr. Ledbetter,Michael
Leslie (casting director),Joey
Uncle Murray,Ben Geller
Restaurant Manger/Producer,Joey
Joanne,Joanna
Jasmine,Phoebe
Cookie,Tribbiani Sisters
Pete Becker,Ross
Tim (Season 3),Joey
Carl (bully),Chandler
Molly,Phoebe
Tomas,Chandler
Nonna,Chandler
Jean-Claude Van Damme,Monica
Mitzi,Ross
Pete Becker,Phoebe
Aunt Marilyn,Monica
The accountant,Monica
Charles Bing,Monica
Unnamed Season 7 Characters,Nurse
Ida Greene,Leonard Greene
Mark Robinson,Lauren
Rhonda,Phoebe
Steve (drug addict),Judy Geller
Charlie Wheeler,Phoebe
Mr. Kaplan Jr.,Rachel
Jack Geller,Robert
Carol Willick,Mrs. Bunch
Kim,Rachel
Estelle Leonard,Ben Geller
Carlos,Allesandro
Krista,Joey
Hayley,Gunther
Charlie Wheeler,Angela Delveccio
Molly,Joey
Aunt Sylvia,Chandler
Timmy,Amy Greene
Carol Willick,Mr. Bunch
The Housekeeper,Stephen Waltham
Leonard Hayes,Joey
Katie (saleswoman),Katie
Mischa,Rachel
Ursula Buffay,Chandler
Duncan,Ursula Buffay
Vince,Ross
Erin,Ross
Pete Becker,Joey
Dina,Gloria Tribbiani
Nick,Chandler
Mrs. Burnett,Rachel
Mona,Bonnie
Gunther,Judy Geller
Mrs. Robinson,Ross
Carl (actor),Tony
Emma Geller-Greene,Rachel
Rhonda,Joey
Charlie Wheeler,Joey
The Kids,Eric
Leonard Greene,Sandra Greene
Nurse,Carol Willick
Russ,Rachel
Sandy,Ross
Cousin Frannie,Eric
Paul Stevens,Chandler
Unnamed Season 1 Characters,Nurse
Unnamed Season 7 Characters,Rachel
Krista,Dan
Felicity,Ross
Aunt Iris,Chandler
Mark Robinson,Sophie
Nancy (realtor),Phoebe
Ugly Naked Guy,Ross
The Doctor,Erica
The Handyman,Rachel
Tom,Doug
Mr. Zelner,Gavin
Nina Bookbinder,Jen
Fun Bobby,Vince
Felicity,Emily Waltham
Uncle Freddie,Ross
Gary,Monica
Tag Jones,Lauren
Nora Tyler Bing,Monica
Kristen Leigh,Joey
Roy Gublik,Rachel
The Kids,Susan Bunch
Kate Miller,Monica
David,Don
Joanne,Maria
Amy Greene,Rachel
Danielle,Chandler
Leslie,Phoebe
Pete Becker,Julio (poet)
Angela Delveccio,Joey
Carol Willick,Susan Bunch
Frank Buffay Sr.,Lily Buffay
Frank Jr. Jr.,Mrs. Buffay (Frank Sr.'s second wife)
Unnamed Season 1 Characters,Rachel
Tabitha,Phoebe
The next next Martin Scorsese,Joey
Larry,Ross
Gary Litman,Monica
Joanne,Rachel
Ben Geller,Erica
"Roy ""Goodbody""",Dan
Frances,Mrs. Buffay (Frank Sr.'s second wife)
Marjorie,Chandler
Danny,Joey
Huggsy,Joey
Mona,Monica
The Kids,Chandler
Celia,Ross
Mike Hannigan,Stu
Tilly,Chandler
Tina,Cookie
Cousin Frannie,Chandler
Uncle Sal,Joey
Amanda (Ross' date),Monica
Elizabeth Hornswoggle,Sarah
Barbara Burke,Michelle Burke
Frank Buffay Sr.,Leslie Buffay
Nurse,Ross
Colleen,Ross
Jack Geller,Cookie
Emily Waltham,Chandler
Amanda Buffamonteezi,Chandler
Cassie,Eric
Carol Willick,Chandler
Ashley Tribbiani,Joey
Tabitha,Joey
Kyle,Whitney
Joanna,Ralph Lauren
Timmy,Phoebe
Colleen,Phoebe
Amanda Buffamonteezi,Bob
Althea,Monica
Carlos,Marie
Aunt Cheryl,Ross
Mitzi,Nurse
The Chick and The Duck,Phoebe
Danny,Dan
Marc Coreger,Rachel
The Waiter,Ross
Ugly Naked Guy,Dan
Joey Tribbiani Sr.,Tina
Sophie,Rachel
Mary,Lily Buffay
Caitlin,Phoebe
Jessica Lockhart,Celia
Stuart,Chandler
Isaac,Joey
Alice Knight,Chandler
Chappy,Phoebe
Michael,Ross
Jen,Joey
Erica,Jack Geller
Jill Goodacre,Chandler
Joshua Burgin,Mr. Burgin
Tommy,Tom
Frank Buffay Jr.,Chandler
Jasmine,Rachel
Krista,Rachel
Andrew,Aurora
Gavin,Gavin Mitchell
Duncan,Frances
Molly,Rachel
Nonna,Gloria Tribbiani
Tribbiani Sisters,Mary
Grandma Geller,Monica
Stephen Waltham,Jack Geller
Tony,Chandler
Lily Buffay,Mike Hannigan
Mary-Therese Tribbiani,Mary
The Chick and The Duck,Joey
The Housekeeper,Rachel
Mr. Rastatter,Michael
Amy Welsh,Rachel
Dan,Phoebe
Dr. Ledbetter,Chandler
Brenda,Chandler
Pete Becker,Rachel
Parker,David
Cassie,Chandler
Mitzi,Rachel
Bonnie,Monica
Charlie Wheeler,Rachel
Emma Geller-Greene,Stu
Ben Geller,Phoebe
Charlie Wheeler,Kate Miller
The Waiter,Joey
Bill,Owen
Mike Hannigan,Monica
Muriel,Jill Greene
Carl (bully),Ross
Minnie,Ross
Mike Hannigan,Mike Hannigan's brother
Gina Tribbiani,Joey
Cailin,Cailin Praytor
Wayne,Andrew
Alan,Chandler
Jill Greene,Phoebe
The Dry Cleaner's Wife,Russ
Will Colbert,Anita Altman
Jessica Ashley,Joey
Leslie Buffay,Mrs. Buffay (Frank Sr.'s second wife)
Howard,Ross
Stryker Ramoray,Eric
Althea's husband,Erica
Allesandro,Monica
Don,Monica
Kyle Lowder,Joey
Bobby Corso,Dina
Gloria Tribbiani,Tribbiani Sisters
Ben Geller,Joey
Delia,Ross
Amanda (Ross' date),Amanda (Monica And Chandler's wedding)
Timothy Burke,Monica
Aunt Lisa,Rachel
Aunt Sylvia,Ross
Mrs. Robinson,Rachel
Mary Ellen Jenkins,Mary
Alice Knight,Leslie
Ned Morse,Stu
Pizza Guy,Rachel
Kate Miller,Katie
Althea,Judy Geller
Nancy (realtor),Rachel
Steve (drug addict),Doug
Jill Greene,Joey
Robert,Phoebe
Peter,Joey
Sandy,Rachel
Isabella Rossellini,Earl
Mr. Waltham,Joshua Burgin
Bitsy Hannigan,Mike Hannigan's ex-wife
Sidney Marks,Ugly Naked Guy
Michelle Burke,Timothy Burke
Terry (casting director),Rachel
Danny,Rachel
Huggsy,Rachel
Aunt Liddy,Monica
Luisa Gianetti,Phoebe
Ugly Naked Guy,Rachel
Uncle Dan,Ross
Sandra Greene,Carol Willick
Paul Stevens,Ross
Mark Robinson's niece,Chandler
Mischa,Monica
Marcel,Katie
Dina,Cookie
Tina,Tribbiani Sisters
Kip,Ross
Aunt Iris,Ross
Robert,Joey
Chick Jr. & Duck Jr.,Chandler
"Mike ""Gandalf"" Ganderson",Ross
Amanda (Monica And Chandler's wedding),Rachel
Emma Geller-Greene,Monica
Nancy (Bloomingdale's Employee),Hillary
Mark Robinson,Phoebe
Joan Tedeschi,Ross
Judy Geller,Eric
Precious,David
Duncan,Phoebe Abbott
Buddy Doyle,Mr. Heckles
Ta-Taka-Ki-Kek,Ross
Janice Litman-Goralnik,Mr. Heckles
Uncle Murray,Erica
Tim (Season 3),Tom
Ben Geller,Jack Geller
Chandler Buffay,Leslie
David,Chandler
Mrs. K.,Rachel
Unnamed Season 7 Characters,Monica
Timothy Burke,Tim
Bob (Chandler's coworker),Chandler
Steve (drug addict),Estelle Leonard
Cathy,Joey
Denise,Phoebe
Owen,Chandler
Bitsy Hannigan,Mike Hannigan's sister
Bob,Monica
Mike Hannigan's ex-wife,Theodore Hannigan
Alice Knight,Ursula Buffay
Jake,Phoebe
Jen,Rachel
Bob (Chandler's coworker),Bob
Schnoodle,Phoebe
Frank Buffay Jr.,Ursula Buffay
Bob (rat),Phoebe
Sandra Greene,Kip
Muriel,Amy Greene
Dan,Nurse
Timmy,Rachel
Roy Gublik,Monica
Stephanie,Phoebe
Maureen,Jack Geller
Lizzy,Phoebe
Al Zebooker,Mr. Simon
The Chick and The Duck,Rachel
Gary (neighbor),Gary
Cathy,Jean-Claude Van Damme
Joshua Burgin's ex-wife,Mrs. Burgin
Cookie,Chandler
Julie Graff,Julie
Aunt Cheryl,Stuart
Joshua Burgin's nephew,Mr. Burgin
Laura,Maria
Amy Greene,Monica
Sarah,Terry
Caitlin,Rachel
Eddie Menuek,Chandler
Jake,Joey
Nancy,Chandler
Emily Waltham,Ross
Trudie Styler,Monica
Unnamed Season 1 Characters,Monica
Amanda Buffamonteezi,Ross
Cousin Frannie,Emily Waltham
Emily Waltham,Mr. Waltham
Dina,Mary-Therese Tribbiani
Charlie Wheeler,Stu
The Interviewer,Joey
Tag Jones,Phoebe
The Waiter,Rachel
Nonnie,Michael
Sandra Greene,Phoebe
Judy Geller,Chandler
Carol Willick,Emily Waltham
Mr. Zelner,Lauren
Jade,Ross
Cheryl,Joey
Phoebe's stepfather,Chandler
Dr. Gettleman's daughter,Chandler
Dina,Mary-Angela
Chandler Buffay,Ursula Buffay
Missy Goldberg,Ross
Julio (cat),Chandler
Mike Hannigan,Theodore Hannigan
Frank Jr. Jr.,Chandler
Gina Tribbiani,Cookie
Aunt Liddy,Judy Geller
Dan,Rachel
The Triplets,Don
Frances,Chandler
Leslie (casting director),Monica
Joshua Burgin,Chandler
Restaurant Manger/Producer,Monica
Dr. Wiener,Joey
Brown Bird Troop Leader,Rachel
Steve (drug addict),Phoebe
Stuart,Ross
Steve (Chandler's boss),Chandler
Mr. Treeger,Ross
Judy Geller,Sandra Greene
Marcel,Chandler
Charles Bing,Erica
Julio (poet),Phoebe
Sandra Greene,Joey
Tina,Mary
Nancy Branson,Nancy
Mary-Angela,Joey
Sarah,Allesandro
Emma Geller-Greene,Judy Geller
Margha,Joey
Mary-Therese Tribbiani,Tina
Ben Geller,Minnie
Theodore Hannigan,Monica
Elizabeth Hornswoggle,Chandler
Erika Ford,Chandler
Cailin,Caitlin
Dr. Ledbetter,Ross
Mr. Douglas,Joey
Mr. Heckles,Eric
Cassie,Ross
Tribbiani Sisters,Chandler
Mark Robinson,Robinson Twins
Krista,Monica
Russ,Barry Farber
Stephen Waltham,Tom
Carol Willick,Jack Geller
Guru Saj,Don
Andrea Waltham,Jack Geller
Estelle Leonard,Phoebe
Donny Osmond,Joey
Ida Greene,Phoebe
Tina,Nonnie
Amy Welsh,Monica
Pete Becker,Monica
Ethan,Young Ethan
Chandler Buffay,Ross
Erica Bing,Ross
Charlie Wheeler,Monica
Gunther,Joey
Dave,Ross
Mrs. Buffay (Frank Sr.'s second wife),Phoebe
Ashley Tribbiani,Tribbiani Sisters
Nancy (Bloomingdale's Employee),Rachel
Frank Jr. Jr.,Leslie
Eric,Phoebe
Barbara Burke,Carol Willick
Alan Lewis,Ned Morse
Dick Clark,Ross
Estelle Leonard,Joey
"Roy ""Goodbody""",Monica
Amy Greene,Barry Farber
Nurse Sizemore,Ross
Sharon Majeski,Rachel
Dina,Gina Tribbiani
Phoebe Abbott,Phoebe
Jack Geller,Judy Geller
Jamie,Carol Willick
Mr. Treeger,Dan
Duncan,Lily Buffay
Stu,Monica
Mark Robinson,Rachel
The accountant,Phoebe
Mr. Heckles,Chandler
Joey Tribbiani Sr.,Ronni Rapalono
Aunt Lisa,Monica
Amanda Buffamonteezi,Jen
Denise,Rachel
Aunt Iris,Randall
Fun Bobby,Monica
Amanda (Ross' date),Amanda Buffamonteezi
Leslie Buffay,Chandler
Pizza Guy,Monica
Cailin Praytor,Caitlin
Nancy (realtor),Monica
Mike Hannigan's sister,Theodore Hannigan
Myron,Rachel
Steven Fisher,Chandler
Angela Delveccio,Monica
Jake,Rachel
Ta-Taka-Ki-Kek,Rachel
Aunt Lillian,Ross
Carl (Rachel's date),Tom
The next next Martin Scorsese,Monica
Aunt Millie,Erica
Phoebe Abbott,Joey
Nonna,Mary-Angela
Aunt Cheryl,Stu
Sandra Greene's father,Amy Greene
Gunther,Jack Geller
Cassie,Aunt Marilyn
Danny,Monica
Cousin Frannie,Cheryl
Emily Waltham,Emily Waltham's second husband
Josh,Ross
Terry,Phoebe
Phoebe's stepfather,Ursula Buffay
Ugly Naked Guy,Monica
Elizabeth Stevens,Stevens siblings' mother
Emily Waltham,Josh
Emily Waltham,Stephen Waltham
Frank Jr. Jr.,Ursula Buffay
Megan Bailey,Phoebe
Althea,Erica
Eric,Eric (photographer)
Frances,Ursula Buffay
Cailin,Joey
Cousin Frannie,Emma Geller-Greene
Tomas,Pete Becker
Tommy,Chandler
Dr. Wiener,Rachel
Amanda (Monica And Chandler's wedding),Monica
Mr. Kaplan Jr.,Chandler
Dave,Dan
Emilio,Tony (Allesandro's employee)
Emilio,Tony
Amy Greene,Myron
Tag Jones,Rachel
Dana Keystone,Ross
Jamie,Ross
Sandra Greene,Rachel
Terry,Joey
Cecilia Monroe,Jessica Lockhart
Dr. Harad,Ross
Gary,Phoebe
Judy Geller,Uncle Freddie
Whitney,Ross
Gavin,Carol Willick
Cassie,Jen
Emilio,Monica
Mackenzie,Joey
Jen,Monica
Wendy,Chandler
The Kids,Erica Bing
Stevens siblings' father,Stevens siblings' mother
Steve (drug addict),Rachel
Russ,Chandler
Bitsy Hannigan,Ross
Cousin Frannie,Erica Bing
Ginger,Kathy
Timmy,Monica
Joshua Burgin,Joshua Burgin's nephew
Bobby Corso,Bob
Carl (actor),Joey
Colleen,Monica
Uncle Murray,Rachel
Russell,Russ
Charles Bing,Jack Geller
The Chick and The Duck,Monica
Charles Bing,Nora Tyler Bing
George Stephanopoulos,Robert
Mona,Julie
Isabella Rossellini,Catherine
Jason,Ross
Russ,Bob
Mr. Treeger,Rachel
Julio (cat),Ross
Mike Hannigan,Erica
Mona,Phoebe
Frank Jr. Jr.,Ross
Caitlin,Monica
The Doctor,Monica
Steve Cera,Ross
Emma Geller-Greene,Sandra Greene
Stryker Ramoray,Frances
Dana Keystone,Joey
Tony (Allesandro's employee),Allesandro
Aunt Cheryl,Monica
Mr. Heckles,Paolo's cat
Duncan,Earl
Jeanine,Ross
Unnamed Season 7 Characters,Roger
Joey Tribbiani Sr.,Nonna
Joshua Burgin,Ross
Richard Burke,Ross
Jason,Phoebe
Mrs. Tedlock,Chandler
Paolo,Phoebe
Steve (Chandler's boss),Ross
Gloria Tribbiani,Joey Tribbiani Sr.
Mr. Zelner,Ralph Lauren
Rick Sanoven,Phoebe
Roy Gublik,Roy
Jason,Vince
Joshua Burgin,Emily Waltham
David,Dan
The Kids,Mike Hannigan
Terry (casting director),Stryker Ramoray
Mike Hannigan's brother,Theodore Hannigan
Amy Greene,Chandler
Estelle Leonard,Rachel
Ida Greene,Rachel
Dan,Monica
Gunther,Emma Geller-Greene
Aaron Goralnik,Sid Goralnik
Aunt Sylvia,Aunt Iris
Mona,Joey
Melissa Warburton,Ross
Mr. Zelner,Ross
Mrs Adelman,Phoebe
Elizabeth Hornswoggle,Ross
Judy Geller,Fake Monica
Erika Ford,Ross
Michelle Burke,Tim
David,The Zoo Employee
Gavin,Ross
Muriel,Rachel
Chandler Buffay,Phoebe Abbott
Tom,Danny
Mark Robinson's niece,Mrs. Robinson
Peter,Tony
Dana Keystone,Dan
Kara,Chandler
Will Colbert,Ross
Rick (Aurora's husband),Chandler
Judy Geller,Aunt Phylis
Charlie Wheeler,Mr. Wheeler
Mr. Waltham,Ross
Rick Sanoven,Joey
Erica Bing,Rachel
Stevens siblings' father,Chandler
Amy Greene,Sandra Greene
Leslie Buffay,Ursula Buffay
Unnamed Season 7 Characters,Doug
Sarah Tuttle,Ross
Gina Tribbiani,Mary
Cassie,Erica Bing
Frank Buffay Sr.,Phoebe
Nora Tyler Bing,Jack Geller
Althea,Joey
Unnamed Season 7 Characters,Michelle
Dr. Roger,Chandler
Marcel,Fake Monica
Malcolm,Ursula Buffay
Phoebe's stepfather,Frances
Phoebe Abbott,Rachel
Parker,Ross
Tim (Season 3),Chandler
Unnamed Season 1 Characters,George Stephanopoulos
Amanda (Monica And Chandler's wedding),Charles Bing
The accountant,Rachel
Frank Buffay Jr.,Mike Hannigan
Ms. Stevens,Stevens siblings' mother
Mr. Heckles,Larry
The Triplets,Leslie
Dr. Oberman,Carol Willick
Ryan,Ross
Rick Sanoven,Dan
Eric (photographer),Chandler
Professor Spafford,Ross
Frank Buffay Sr.,Joey
Jason,Robert
Mike Hannigan,Phoebe
Ginger,Chandler
Dr. Gettleman,Ross
Gina Tribbiani,Nonnie
Aunt Lisa,Eric
Rick,Bill
Terry,Rachel
Isabella Rossellini,Paul Stevens
Bill,Colleen
Rick (Aurora's husband),Rick
The Zoo Employee,Ross
Louis Posen,Monica
Erica,Eric
Mary,Phoebe
Megan Bailey,Rachel
Kathy,Chandler
Don,Phoebe
Julie,Phoebe
Mary-Angela,Tribbiani Sisters
Leslie Buffay,Ross
Frank Jr. Jr.,Frank Buffay Sr.
Althea,Jack Geller
Mike Hannigan,Joey
Mr. Waltham,Joanna
Steven Fisher,Ross
Isabella Rossellini,Joey
Mary Ellen Jenkins,Joey
Al Zebooker,Estelle Leonard
Steve (drug addict),Stu
Mark Robinson,Monica
Cathy,Susie Moss
Missy Goldberg,Stu
Clifford Burnett,Phoebe
Kip,Monica
Barbara Burke,Rachel
Sonya,Alan
Bobby Rush,Rachel
Gary,Rachel
Gary Litman,Mr. Heckles
Isaac,Jasmine
Denise,Monica
Joan Tedeschi,Monica
Joshua Burgin,Jen
Allesandro,Emilio
Don,Joey
Stevens siblings' mother,Ross
Jake,Monica
Mrs. Braverman,Rachel
Julie,Joey
Richard Burke,Timothy Burke
Unnamed Season 7 Characters,The Waiter
Emily Waltham's cousin,Mr. Waltham
Cassie,Denise
Grandma Geller,Jack Geller
Bob (rat),Monica
Aunt Sylvia,Ben Geller
Althea's husband,Monica
Cheryl,Monica
Clifford Burnett,Joey
Eric,Malcolm
Gunther,Terry
Cailin Praytor,Rachel
Gary Litman,Gary
Erica,Chandler
Will Colbert,Jen
Paul Stevens,Leonard Greene
Julie Graff,Monica
The Housekeeper,Phoebe
Alice Knight,Leslie Buffay
Charlie Wheeler,Elizabeth Stevens
Precious,Phoebe
Ronni Rapalono,Joey
Ms. McKenna,Chandler
Frank Jr. Jr.,Phoebe Abbott
Huggsy,Chandler
Ross Zelner,Lauren
Chi-Chi,Ross
Frank Buffay Jr.,Leslie Buffay
Angela Delveccio,Bob
Nonnie,Ross
Catherine,Jack Geller
Paolo,Rachel
Sandra Greene,Monica
Paul the Wine Guy,Chandler
The Zoo Employee,Dan
Ben Geller,Mrs. Bunch
Jarvis Oberblau,Ross
Owen,Russ
Parker,Jen
Jessica Lockhart,Joey
Ben Geller,Mr. Bunch
Richard Burke,Rachel
Mr. Waltham,Josh
Pizza Guy,George Stephanopoulos
The Triplets,Ross
Chandler Buffay,Lily Buffay
Sally,Dr. Gettleman
Mr. Waltham,Stephen Waltham
The Kids,Michael
Mike Hannigan's sister,Phoebe
Cousin Frannie,Don
Elizabeth Stevens,Ross
Steve (drug addict),Monica
Precious,Joey
Ashley Tribbiani,Joey Tribbiani Sr.
Julio (poet),Monica
Steve (drug addict),Richard Burke
Uncle Murray,Monica
Bill,Chandler
Mary-Angela,Mary
Althea,Emma Geller-Greene
Chandler Buffay,Leslie Buffay
Ethan,Monica
Al Zebooker,Joey
Isaac,Chandler
Mr. Treeger,Monica
Aunt Iris,Judy Geller
Nonnie,Joey
Cailin,Tom
Aunt Liddy,Jack Geller
Ben Geller,Eric
Jack Geller,Phoebe
Emily Waltham,Earl
Paula,Alan
Carol Willick,Earl
The Kids,Ben Geller
The Chick and The Duck,Chick Jr. & Duck Jr.
Cousin Frannie,Ben Geller
Cookie,Mary-Angela
Gary (neighbor),Chandler
Joanna,Sophie
Mike Hannigan,Chandler Buffay
Gina Tribbiani,Tina
Estelle Leonard,Monica
Kori Weston,Ross
Parker,Rachel
Cathy,Kathy
Emma Geller-Greene,Jack Geller
Donny Osmond,Mary
Grandma Geller,Emma Geller-Greene
Charla Nichols,Sarah
Cathy,Katie
Tim,Allesandro
Marc Coreger,Julie
Mike Hannigan,Rachel
Lauren,Jen
Frances,Mike Hannigan
Mozzarella,Phoebe
Jack Geller,Joey
Ben Geller,Susan Bunch
Guru Saj,Phoebe
Joshua Burgin's ex-wife,Mr. Burgin
Dr. Ledbetter,Don
Devon,Emily Waltham
Erica Bing,Monica
Eric,Monica
Krista,Julie
Lowell (mugger),Chandler
Chloe,Ross
Janine Lecroix,Phoebe
Paula,Jen
Stuart,Ben Geller
Don,Rachel
Dave,Monica
Mona's boyfriend,Ross
Julie,Rachel
Dana Keystone,Stu
Mr. Bunch,Joey
Earl,Jason
Phoebe Abbott,Monica
Fun Bobby's grandfather,Monica
Ben Geller,Chandler
Leslie Buffay,Phoebe Abbott
Mozzarella,Joey
Emily Waltham's cousin,Emily Waltham's second husband
Guru Saj,Joey
Charlie Wheeler,Julie
Mark Robinson,Gunther
Silvia,Ursula Buffay
Cecilia Monroe,Rachel
Clifford Burnett,Rachel
Sandra Greene,Barry Farber
Maria,Chandler
Jill Greene,Chandler
Janine Lecroix,Joey
Leonard Greene,Chandler
Cassie,Ben Geller
Jeffrey,Chandler
Mike Hannigan's brother,Phoebe
Caroline Duffy,Chandler
Amanda (Ross' date),Laura
The Triplets,Frank Buffay Sr.
Christmas tree customer,Phoebe
Charlie Wheeler,Professor Spafford
Stuart,Judy Geller
Amanda (Ross' date),Tom
Kiki,Rachel
"David ""Tank"" Abbott",Pete Becker
Maureen,Chandler
"Roy ""Goodbody""",Phoebe
Anita Altman,Rachel
Joshua Burgin's nephew,Josh
Kate Miller,Dina
Jill Greene,Sandra Greene
Duncan,Frank Buffay Jr.
Aunt Liddy,Emma Geller-Greene
Jessica Lockhart,Rachel
Megan Bailey,Monica
Robert,Chandler
Vince,Phoebe
Phoebe's stepfather,Lily Buffay
Josh,Monica
Erin,Phoebe
Mackenzie,Monica
Leonard Greene,Mona
Julio (cat),Lily Buffay
Dr. Baldharan,Chandler
